10;1010;1981101
10;1020;1981102
10;110;1972101
10;1110;1982101
10;1120;1982102
10;120;1972102
10;1210;1983101
10;1220;1983102
10;1310;1984101
10;1320;1984102
10;1410;1985101
10;1420;1985102
10;1510;1986101
10;1520;1986102
10;1610;1987101
10;1620;1987102
10;1710;1988101
10;1720;1988102
10;1810;1989101
10;1820;1989102
10;1910;1990101
10;1920;1990102
10;2010;1991101
10;2020;1991102
10;210;1973101
10;2110;1992101
10;2120;1992102
10;220;1973102
10;2210;1993101
10;2220;1993102
10;2310;1994101
10;2320;1994102
10;2410;1995101
10;2420;1995102
10;2510;1996101
10;2520;1996102
10;2610;1997101
10;2620;1997102
10;2710;1998101
10;2720;1998102
10;2810;1999101
10;2820;1999102
10;2910;2000101
10;2920;2000102
10;3010;2001101
10;3020;2001102
10;310;1974101
10;3110;2002101
10;3120;2002102
10;320;1974102
10;3210;2003101
10;3220;2003102
10;3310;2004101
10;3320;2004102
10;3410;2005101
10;3420;2005102
10;3510;2006101
10;3520;2006102
10;3610;2007101
10;3620;2007102
10;3710;2008101
10;3720;2008102
10;3810;2009101
10;3820;2009102
10;3910;2010101
10;3920;2010102
10;4010;2011101
10;4020;2011102
10;410;1975101
10;4110;2012101
10;4120;2012102
10;420;1975102
10;4210;2013101
10;4220;2013102
10;4310;2014101
10;4320;2014102
10;4410;2015101
10;4420;2015102
10;510;1976101
10;520;1976102
10;610;1977101
10;620;1977102
10;710;1978101
10;720;1978102
10;810;1979101
10;820;1979102
10;910;1980101
10;920;1980102
11;1010;1981111
11;1020;1981112
11;110;1972111
11;1110;1982111
11;1120;1982112
11;120;1972112
11;1210;1983111
11;1220;1983112
11;1310;1984111
11;1320;1984112
11;1410;1985111
11;1420;1985112
11;1510;1986111
11;1520;1986112
11;1610;1987111
11;1620;1987112
11;1710;1988111
11;1720;1988112
11;1810;1989111
11;1820;1989112
11;1910;1990111
11;1920;1990112
11;2010;1991111
11;2020;1991112
11;210;1973111
11;2110;1992111
11;2120;1992112
11;220;1973112
11;2210;1993111
11;2220;1993112
11;2310;1994111
11;2320;1994112
11;2410;1995111
11;2420;1995112
11;2510;1996111
11;2520;1996112
11;2610;1997111
11;2620;1997112
11;2710;1998111
11;2720;1998112
11;2810;1999111
11;2820;1999112
11;2910;2000111
11;2920;2000112
11;3010;2001111
11;3020;2001112
11;310;1974111
11;3110;2002111
11;3120;2002112
11;320;1974112
11;3210;2003111
11;3220;2003112
11;3310;2004111
11;3320;2004112
11;3410;2005111
11;3420;2005112
11;3510;2006111
11;3520;2006112
11;3610;2007111
11;3620;2007112
11;3710;2008111
11;3720;2008112
11;3810;2009111
11;3820;2009112
11;3910;2010111
11;3920;2010112
11;4010;2011111
11;4020;2011112
11;410;1975111
11;4110;2012111
11;4120;2012112
11;420;1975112
11;4210;2013111
11;4220;2013112
11;4310;2014111
11;4320;2014112
11;4410;2015111
11;4420;2015112
11;510;1976111
11;520;1976112
11;610;1977111
11;620;1977112
11;710;1978111
11;720;1978112
11;810;1979111
11;820;1979112
11;910;1980111
11;920;1980112
12;1010;1981121
12;1020;1981122
12;110;1972121
12;1110;1982121
12;1120;1982122
12;120;1972122
12;1210;1983121
12;1220;1983122
12;1310;1984121
12;1320;1984122
12;1410;1985121
12;1420;1985122
12;1510;1986121
12;1520;1986122
12;1610;1987121
12;1620;1987122
12;1710;1988121
12;1720;1988122
12;1810;1989121
12;1820;1989122
12;1910;1990121
12;1920;1990122
12;2010;1991121
12;2020;1991122
12;210;1973121
12;2110;1992121
12;2120;1992122
12;220;1973122
12;2210;1993121
12;2220;1993122
12;2310;1994121
12;2320;1994122
12;2410;1995121
12;2420;1995122
12;2510;1996121
12;2520;1996122
12;2610;1997121
12;2620;1997122
12;2710;1998121
12;2720;1998122
12;2810;1999121
12;2820;1999122
12;2910;2000121
12;2920;2000122
12;3010;2001121
12;3020;2001122
12;310;1974121
12;3110;2002121
12;3120;2002122
12;320;1974122
12;3210;2003121
12;3220;2003122
12;3310;2004121
12;3320;2004122
12;3410;2005121
12;3420;2005122
12;3510;2006121
12;3520;2006122
12;3610;2007121
12;3620;2007122
12;3710;2008121
12;3720;2008122
12;3810;2009121
12;3820;2009122
12;3910;2010121
12;3920;2010122
12;4010;2011121
12;4020;2011122
12;410;1975121
12;4110;2012121
12;4120;2012122
12;420;1975122
12;4210;2013121
12;4220;2013122
12;4310;2014121
12;4320;2014122
12;4410;2015121
12;4420;2015122
12;510;1976121
12;520;1976122
12;610;1977121
12;620;1977122
12;710;1978121
12;720;1978122
12;810;1979121
12;820;1979122
12;910;1980121
12;920;1980122
13;1010;1981131
13;1020;1981132
13;110;1972131
13;1110;1982131
13;1120;1982132
13;120;1972132
13;1210;1983131
13;1220;1983132
13;1310;1984131
13;1320;1984132
13;1410;1985131
13;1420;1985132
13;1510;1986131
13;1520;1986132
13;1610;1987131
13;1620;1987132
13;1710;1988131
13;1720;1988132
13;1810;1989131
13;1820;1989132
13;1910;1990131
13;1920;1990132
13;2010;1991131
13;2020;1991132
13;210;1973131
13;2110;1992131
13;2120;1992132
13;220;1973132
13;2210;1993131
13;2220;1993132
13;2310;1994131
13;2320;1994132
13;2410;1995131
13;2420;1995132
13;2510;1996131
13;2520;1996132
13;2610;1997131
13;2620;1997132
13;2710;1998131
13;2720;1998132
13;2810;1999131
13;2820;1999132
13;2910;2000131
13;2920;2000132
13;3010;2001131
13;3020;2001132
13;310;1974131
13;3110;2002131
13;3120;2002132
13;320;1974132
13;3210;2003131
13;3220;2003132
13;3310;2004131
13;3320;2004132
13;3410;2005131
13;3420;2005132
13;3510;2006131
13;3520;2006132
13;3610;2007131
13;3620;2007132
13;3710;2008131
13;3720;2008132
13;3810;2009131
13;3820;2009132
13;3910;2010131
13;3920;2010132
13;4010;2011131
13;4020;2011132
13;410;1975131
13;4110;2012131
13;4120;2012132
13;420;1975132
13;4210;2013131
13;4220;2013132
13;4310;2014131
13;4320;2014132
13;4410;2015131
13;4420;2015132
13;510;1976131
13;520;1976132
13;610;1977131
13;620;1977132
13;710;1978131
13;720;1978132
13;810;1979131
13;820;1979132
13;910;1980131
13;920;1980132
14;1010;1981141
14;1020;1981142
14;110;1972141
14;1110;1982141
14;1120;1982142
14;120;1972142
14;1210;1983141
14;1220;1983142
14;1310;1984141
14;1320;1984142
14;1410;1985141
14;1420;1985142
14;1510;1986141
14;1520;1986142
14;1610;1987141
14;1620;1987142
14;1710;1988141
14;1720;1988142
14;1810;1989141
14;1820;1989142
14;1910;1990141
14;1920;1990142
14;2010;1991141
14;2020;1991142
14;210;1973141
14;2110;1992141
14;2120;1992142
14;220;1973142
14;2210;1993141
14;2220;1993142
14;2310;1994141
14;2320;1994142
14;2410;1995141
14;2420;1995142
14;2510;1996141
14;2520;1996142
14;2610;1997141
14;2620;1997142
14;2710;1998141
14;2720;1998142
14;2810;1999141
14;2820;1999142
14;2910;2000141
14;2920;2000142
14;3010;2001141
14;3020;2001142
14;310;1974141
14;3110;2002141
14;3120;2002142
14;320;1974142
14;3210;2003141
14;3220;2003142
14;3310;2004141
14;3320;2004142
14;3410;2005141
14;3420;2005142
14;3510;2006141
14;3520;2006142
14;3610;2007141
14;3620;2007142
14;3710;2008141
14;3720;2008142
14;3810;2009141
14;3820;2009142
14;3910;2010141
14;3920;2010142
14;4010;2011141
14;4020;2011142
14;410;1975141
14;4110;2012141
14;4120;2012142
14;420;1975142
14;4210;2013141
14;4220;2013142
14;4310;2014141
14;4320;2014142
14;4410;2015141
14;4420;2015142
14;510;1976141
14;520;1976142
14;610;1977141
14;620;1977142
14;710;1978141
14;720;1978142
14;810;1979141
14;820;1979142
14;910;1980141
14;920;1980142
15;1010;1981151
15;1020;1981152
15;110;1972151
15;1110;1982151
15;1120;1982152
15;120;1972152
15;1210;1983151
15;1220;1983152
15;1310;1984151
15;1320;1984152
15;1410;1985151
15;1420;1985152
15;1510;1986151
15;1520;1986152
15;1610;1987151
15;1620;1987152
15;1710;1988151
15;1720;1988152
15;1810;1989151
15;1820;1989152
15;1910;1990151
15;1920;1990152
15;2010;1991151
15;2020;1991152
15;210;1973151
15;2110;1992151
15;2120;1992152
15;220;1973152
15;2210;1993151
15;2220;1993152
15;2310;1994151
15;2320;1994152
15;2410;1995151
15;2420;1995152
15;2510;1996151
15;2520;1996152
15;2610;1997151
15;2620;1997152
15;2710;1998151
15;2720;1998152
15;2810;1999151
15;2820;1999152
15;2910;2000151
15;2920;2000152
15;3010;2001151
15;3020;2001152
15;310;1974151
15;3110;2002151
15;3120;2002152
15;320;1974152
15;3210;2003151
15;3220;2003152
15;3310;2004151
15;3320;2004152
15;3410;2005151
15;3420;2005152
15;3510;2006151
15;3520;2006152
15;3610;2007151
15;3620;2007152
15;3710;2008151
15;3720;2008152
15;3810;2009151
15;3820;2009152
15;3910;2010151
15;3920;2010152
15;4010;2011151
15;4020;2011152
15;410;1975151
15;4110;2012151
15;4120;2012152
15;420;1975152
15;4210;2013151
15;4220;2013152
15;4310;2014151
15;4320;2014152
15;4410;2015151
15;4420;2015152
15;510;1976151
15;520;1976152
15;610;1977151
15;620;1977152
15;710;1978151
15;720;1978152
15;810;1979151
15;820;1979152
15;910;1980151
15;920;1980152
16;1010;1981161
16;1020;1981162
16;110;1972161
16;1110;1982161
16;1120;1982162
16;120;1972162
16;1210;1983161
16;1220;1983162
16;1310;1984161
16;1320;1984162
16;1410;1985161
16;1420;1985162
16;1510;1986161
16;1520;1986162
16;1610;1987161
16;1620;1987162
16;1710;1988161
16;1720;1988162
16;1810;1989161
16;1820;1989162
16;1910;1990161
16;1920;1990162
16;2010;1991161
16;2020;1991162
16;210;1973161
16;2110;1992161
16;2120;1992162
16;220;1973162
16;2210;1993161
16;2220;1993162
16;2310;1994161
16;2320;1994162
16;2410;1995161
16;2420;1995162
16;2510;1996161
16;2520;1996162
16;2610;1997161
16;2620;1997162
16;2710;1998161
16;2720;1998162
16;2810;1999161
16;2820;1999162
16;2910;2000161
16;2920;2000162
16;3010;2001161
16;3020;2001162
16;310;1974161
16;3110;2002161
16;3120;2002162
16;320;1974162
16;3210;2003161
16;3220;2003162
16;3310;2004161
16;3320;2004162
16;3410;2005161
16;3420;2005162
16;3510;2006161
16;3520;2006162
16;3610;2007161
16;3620;2007162
16;3710;2008161
16;3720;2008162
16;3810;2009161
16;3820;2009162
16;3910;2010161
16;3920;2010162
16;4010;2011161
16;4020;2011162
16;410;1975161
16;4110;2012161
16;4120;2012162
16;420;1975162
16;4210;2013161
16;4220;2013162
16;4310;2014161
16;4320;2014162
16;4410;2015161
16;4420;2015162
16;510;1976161
16;520;1976162
16;610;1977161
16;620;1977162
16;710;1978161
16;720;1978162
16;810;1979161
16;820;1979162
16;910;1980161
16;920;1980162
17;1010;1981171
17;1020;1981172
17;110;1972171
17;1110;1982171
17;1120;1982172
17;120;1972172
17;1210;1983171
17;1220;1983172
17;1310;1984171
17;1320;1984172
17;1410;1985171
17;1420;1985172
17;1510;1986171
17;1520;1986172
17;1610;1987171
17;1620;1987172
17;1710;1988171
17;1720;1988172
17;1810;1989171
17;1820;1989172
17;1910;1990171
17;1920;1990172
17;2010;1991171
17;2020;1991172
17;210;1973171
17;2110;1992171
17;2120;1992172
17;220;1973172
17;2210;1993171
17;2220;1993172
17;2310;1994171
17;2320;1994172
17;2410;1995171
17;2420;1995172
17;2510;1996171
17;2520;1996172
17;2610;1997171
17;2620;1997172
17;2710;1998171
17;2720;1998172
17;2810;1999171
17;2820;1999172
17;2910;2000171
17;2920;2000172
17;3010;2001171
17;3020;2001172
17;310;1974171
17;3110;2002171
17;3120;2002172
17;320;1974172
17;3210;2003171
17;3220;2003172
17;3310;2004171
17;3320;2004172
17;3410;2005171
17;3420;2005172
17;3510;2006171
17;3520;2006172
17;3610;2007171
17;3620;2007172
17;3710;2008171
17;3720;2008172
17;3810;2009171
17;3820;2009172
17;3910;2010171
17;3920;2010172
17;4010;2011171
17;4020;2011172
17;410;1975171
17;4110;2012171
17;4120;2012172
17;420;1975172
17;4210;2013171
17;4220;2013172
17;4310;2014171
17;4320;2014172
17;4410;2015171
17;4420;2015172
17;510;1976171
17;520;1976172
17;610;1977171
17;620;1977172
17;710;1978171
17;720;1978172
17;810;1979171
17;820;1979172
17;910;1980171
17;920;1980172
18;1010;1981181
18;1020;1981182
18;110;1972181
18;1110;1982181
18;1120;1982182
18;120;1972182
18;1210;1983181
18;1220;1983182
18;1310;1984181
18;1320;1984182
18;1410;1985181
18;1420;1985182
18;1510;1986181
18;1520;1986182
18;1610;1987181
18;1620;1987182
18;1710;1988181
18;1720;1988182
18;1810;1989181
18;1820;1989182
18;1910;1990181
18;1920;1990182
18;2010;1991181
18;2020;1991182
18;210;1973181
18;2110;1992181
18;2120;1992182
18;220;1973182
18;2210;1993181
18;2220;1993182
18;2310;1994181
18;2320;1994182
18;2410;1995181
18;2420;1995182
18;2510;1996181
18;2520;1996182
18;2610;1997181
18;2620;1997182
18;2710;1998181
18;2720;1998182
18;2810;1999181
18;2820;1999182
18;2910;2000181
18;2920;2000182
18;3010;2001181
18;3020;2001182
18;310;1974181
18;3110;2002181
18;3120;2002182
18;320;1974182
18;3210;2003181
18;3220;2003182
18;3310;2004181
18;3320;2004182
18;3410;2005181
18;3420;2005182
18;3510;2006181
18;3520;2006182
18;3610;2007181
18;3620;2007182
18;3710;2008181
18;3720;2008182
18;3810;2009181
18;3820;2009182
18;3910;2010181
18;3920;2010182
18;4010;2011181
18;4020;2011182
18;410;1975181
18;4110;2012181
18;4120;2012182
18;420;1975182
18;4210;2013181
18;4220;2013182
18;4310;2014181
18;4320;2014182
18;4410;2015181
18;4420;2015182
18;510;1976181
18;520;1976182
18;610;1977181
18;620;1977182
18;710;1978181
18;720;1978182
18;810;1979181
18;820;1979182
18;910;1980181
18;920;1980182
19;1010;1981191
19;1020;1981192
19;110;1972191
19;1110;1982191
19;1120;1982192
19;120;1972192
19;1210;1983191
19;1220;1983192
19;1310;1984191
19;1320;1984192
19;1410;1985191
19;1420;1985192
19;1510;1986191
19;1520;1986192
19;1610;1987191
19;1620;1987192
19;1710;1988191
19;1720;1988192
19;1810;1989191
19;1820;1989192
19;1910;1990191
19;1920;1990192
19;2010;1991191
19;2020;1991192
19;210;1973191
19;2110;1992191
19;2120;1992192
19;220;1973192
19;2210;1993191
19;2220;1993192
19;2310;1994191
19;2320;1994192
19;2410;1995191
19;2420;1995192
19;2510;1996191
19;2520;1996192
19;2610;1997191
19;2620;1997192
19;2710;1998191
19;2720;1998192
19;2810;1999191
19;2820;1999192
19;2910;2000191
19;2920;2000192
19;3010;2001191
19;3020;2001192
19;310;1974191
19;3110;2002191
19;3120;2002192
19;320;1974192
19;3210;2003191
19;3220;2003192
19;3310;2004191
19;3320;2004192
19;3410;2005191
19;3420;2005192
19;3510;2006191
19;3520;2006192
19;3610;2007191
19;3620;2007192
19;3710;2008191
19;3720;2008192
19;3810;2009191
19;3820;2009192
19;3910;2010191
19;3920;2010192
19;4010;2011191
19;4020;2011192
19;410;1975191
19;4110;2012191
19;4120;2012192
19;420;1975192
19;4210;2013191
19;4220;2013192
19;4310;2014191
19;4320;2014192
19;4410;2015191
19;4420;2015192
19;510;1976191
19;520;1976192
19;610;1977191
19;620;1977192
19;710;1978191
19;720;1978192
19;810;1979191
19;820;1979192
19;910;1980191
19;920;1980192
1;1010;1981011
1;1020;1981012
1;110;1972011
1;1110;1982011
1;1120;1982012
1;120;1972012
1;1210;1983011
1;1220;1983012
1;1310;1984011
1;1320;1984012
1;1410;1985011
1;1420;1985012
1;1510;1986011
1;1520;1986012
1;1540;1986014
1;1610;1987011
1;1620;1987012
1;1630;1987013
1;1710;1988011
1;1720;1988012
1;1730;1988013
1;1810;1989011
1;1820;1989012
1;1830;1989013
1;1910;1990011
1;1920;1990012
1;1930;1990013
1;2010;1991011
1;2020;1991012
1;2030;1991013
1;210;1973011
1;2110;1992011
1;2120;1992012
1;2130;1992013
1;220;1973012
1;2210;1993011
1;2220;1993012
1;2230;1993013
1;2310;1994011
1;2320;1994012
1;2330;1994013
1;2410;1995011
1;2420;1995012
1;2430;1995013
1;2510;1996011
1;2520;1996012
1;2530;1996013
1;2610;1997011
1;2620;1997012
1;2630;1997013
1;2710;1998011
1;2720;1998012
1;2730;1998013
1;2810;1999011
1;2820;1999012
1;2910;2000011
1;2920;2000012
1;3010;2001011
1;3020;2001012
1;310;1974011
1;3110;2002011
1;3120;2002012
1;320;1974012
1;3210;2003011
1;3220;2003012
1;3310;2004011
1;3320;2004012
1;3410;2005011
1;3420;2005012
1;3510;2006011
1;3520;2006012
1;3610;2007011
1;3620;2007012
1;3710;2008011
1;3720;2008012
1;3810;2009011
1;3820;2009012
1;3910;2010011
1;3920;2010012
1;3930;2010013
1;4010;2011011
1;4020;2011012
1;4030;2011013
1;410;1975011
1;4110;2012011
1;4120;2012012
1;4130;2012013
1;420;1975012
1;4210;2013011
1;4220;2013012
1;4230;2013013
1;4310;2014011
1;4320;2014012
1;4330;2014013
1;4410;2015011
1;4420;2015012
1;510;1976011
1;520;1976012
1;610;1977011
1;620;1977012
1;710;1978011
1;720;1978012
1;810;1979011
1;820;1979012
1;910;1980011
1;920;1980012
20;1010;1981201
20;1020;1981202
20;110;1972201
20;1110;1982201
20;1120;1982202
20;120;1972202
20;1210;1983201
20;1220;1983202
20;1310;1984201
20;1320;1984202
20;1410;1985201
20;1420;1985202
20;1510;1986201
20;1520;1986202
20;1610;1987201
20;1620;1987202
20;1710;1988201
20;1720;1988202
20;1810;1989201
20;1820;1989202
20;1910;1990201
20;1920;1990202
20;2010;1991201
20;2020;1991202
20;210;1973201
20;2110;1992201
20;2120;1992202
20;220;1973202
20;2210;1993201
20;2220;1993202
20;2310;1994201
20;2320;1994202
20;2410;1995201
20;2420;1995202
20;2510;1996201
20;2520;1996202
20;2610;1997201
20;2620;1997202
20;2710;1998201
20;2720;1998202
20;2810;1999201
20;2820;1999202
20;2910;2000201
20;2920;2000202
20;3010;2001201
20;3020;2001202
20;310;1974201
20;3110;2002201
20;3120;2002202
20;320;1974202
20;3210;2003201
20;3220;2003202
20;3310;2004201
20;3320;2004202
20;3410;2005201
20;3420;2005202
20;3510;2006201
20;3520;2006202
20;3610;2007201
20;3620;2007202
20;3710;2008201
20;3720;2008202
20;3810;2009201
20;3820;2009202
20;3910;2010201
20;3920;2010202
20;4010;2011201
20;4020;2011202
20;410;1975201
20;4110;2012201
20;4120;2012202
20;420;1975202
20;4210;2013201
20;4220;2013202
20;4310;2014201
20;4320;2014202
20;4410;2015201
20;4420;2015202
20;510;1976201
20;520;1976202
20;610;1977201
20;620;1977202
20;710;1978201
20;720;1978202
20;810;1979201
20;820;1979202
20;910;1980201
20;920;1980202
21;1010;1981211
21;1020;1981212
21;110;1972211
21;1110;1982211
21;1120;1982212
21;120;1972212
21;1210;1983211
21;1220;1983212
21;1310;1984211
21;1320;1984212
21;1410;1985211
21;1420;1985212
21;1510;1986211
21;1520;1986212
21;1610;1987211
21;1620;1987212
21;1710;1988211
21;1720;1988212
21;1810;1989211
21;1820;1989212
21;1910;1990211
21;1920;1990212
21;2010;1991211
21;2020;1991212
21;210;1973211
21;2110;1992211
21;2120;1992212
21;220;1973212
21;2210;1993211
21;2220;1993212
21;2310;1994211
21;2320;1994212
21;2410;1995211
21;2420;1995212
21;2510;1996211
21;2520;1996212
21;2610;1997211
21;2620;1997212
21;2710;1998211
21;2720;1998212
21;2810;1999211
21;2820;1999212
21;2910;2000211
21;2920;2000212
21;3010;2001211
21;3020;2001212
21;310;1974211
21;3110;2002211
21;3120;2002212
21;320;1974212
21;3210;2003211
21;3220;2003212
21;3310;2004211
21;3320;2004212
21;3410;2005211
21;3420;2005212
21;3510;2006211
21;3520;2006212
21;3610;2007211
21;3620;2007212
21;3710;2008211
21;3720;2008212
21;3810;2009211
21;3820;2009212
21;3910;2010211
21;3920;2010212
21;4010;2011211
21;4020;2011212
21;410;1975211
21;4110;2012211
21;4120;2012212
21;420;1975212
21;4210;2013211
21;4220;2013212
21;4310;2014211
21;4320;2014212
21;4410;2015211
21;4420;2015212
21;510;1976211
21;520;1976212
21;610;1977211
21;620;1977212
21;710;1978211
21;720;1978212
21;810;1979211
21;820;1979212
21;910;1980211
21;920;1980212
22;1010;1981221
22;1020;1981222
22;110;1972221
22;1110;1982221
22;1120;1982222
22;120;1972222
22;1210;1983221
22;1220;1983222
22;1310;1984221
22;1320;1984222
22;1410;1985221
22;1420;1985222
22;1510;1986221
22;1520;1986222
22;1610;1987221
22;1620;1987222
22;1710;1988221
22;1720;1988222
22;1810;1989221
22;1820;1989222
22;1910;1990221
22;1920;1990222
22;2010;1991221
22;2020;1991222
22;210;1973221
22;2110;1992221
22;2120;1992222
22;220;1973222
22;2210;1993221
22;2220;1993222
22;2310;1994221
22;2320;1994222
22;2410;1995221
22;2420;1995222
22;2510;1996221
22;2520;1996222
22;2610;1997221
22;2620;1997222
22;2710;1998221
22;2720;1998222
22;2810;1999221
22;2820;1999222
22;2910;2000221
22;2920;2000222
22;3010;2001221
22;3020;2001222
22;310;1974221
22;3110;2002221
22;3120;2002222
22;320;1974222
22;3210;2003221
22;3220;2003222
22;3310;2004221
22;3320;2004222
22;3410;2005221
22;3420;2005222
22;3510;2006221
22;3520;2006222
22;3610;2007221
22;3620;2007222
22;3710;2008221
22;3720;2008222
22;3810;2009221
22;3820;2009222
22;3910;2010221
22;3920;2010222
22;4010;2011221
22;4020;2011222
22;410;1975221
22;4110;2012221
22;4120;2012222
22;420;1975222
22;4210;2013221
22;4220;2013222
22;4310;2014221
22;4320;2014222
22;4410;2015221
22;4420;2015222
22;510;1976221
22;520;1976222
22;610;1977221
22;620;1977222
22;710;1978221
22;720;1978222
22;810;1979221
22;820;1979222
22;910;1980221
22;920;1980222
23;1010;1981231
23;1020;1981232
23;110;1972231
23;1110;1982231
23;1120;1982232
23;120;1972232
23;1210;1983231
23;1220;1983232
23;1310;1984231
23;1320;1984232
23;1410;1985231
23;1420;1985232
23;1510;1986231
23;1520;1986232
23;1610;1987231
23;1620;1987232
23;1710;1988231
23;1720;1988232
23;1810;1989231
23;1820;1989232
23;1910;1990231
23;1920;1990232
23;2010;1991231
23;2020;1991232
23;210;1973231
23;2110;1992231
23;2120;1992232
23;220;1973232
23;2210;1993231
23;2220;1993232
23;2310;1994231
23;2320;1994232
23;2410;1995231
23;2420;1995232
23;2510;1996231
23;2520;1996232
23;2610;1997231
23;2620;1997232
23;2710;1998231
23;2720;1998232
23;2810;1999231
23;2820;1999232
23;2910;2000231
23;2920;2000232
23;3010;2001231
23;3020;2001232
23;310;1974231
23;3110;2002231
23;3120;2002232
23;320;1974232
23;3210;2003231
23;3220;2003232
23;3310;2004231
23;3320;2004232
23;3410;2005231
23;3420;2005232
23;3510;2006231
23;3520;2006232
23;3610;2007231
23;3620;2007232
23;3710;2008231
23;3720;2008232
23;3810;2009231
23;3820;2009232
23;3910;2010231
23;3920;2010232
23;4010;2011231
23;4020;2011232
23;410;1975231
23;4110;2012231
23;4120;2012232
23;420;1975232
23;4210;2013231
23;4220;2013232
23;4310;2014231
23;4320;2014232
23;4410;2015231
23;4420;2015232
23;510;1976231
23;520;1976232
23;610;1977231
23;620;1977232
23;710;1978231
23;720;1978232
23;810;1979231
23;820;1979232
23;910;1980231
23;920;1980232
24;1010;1981241
24;1020;1981242
24;110;1972241
24;1110;1982241
24;1120;1982242
24;120;1972242
24;1210;1983241
24;1220;1983242
24;1310;1984241
24;1320;1984242
24;1410;1985241
24;1420;1985242
24;1510;1986241
24;1520;1986242
24;1610;1987241
24;1620;1987242
24;1710;1988241
24;1720;1988242
24;1810;1989241
24;1820;1989242
24;1910;1990241
24;1920;1990242
24;2010;1991241
24;2020;1991242
24;210;1973241
24;2110;1992241
24;2120;1992242
24;220;1973242
24;2210;1993241
24;2220;1993242
24;2310;1994241
24;2320;1994242
24;2410;1995241
24;2420;1995242
24;2510;1996241
24;2520;1996242
24;2610;1997241
24;2620;1997242
24;2710;1998241
24;2720;1998242
24;2810;1999241
24;2820;1999242
24;2910;2000241
24;2920;2000242
24;3010;2001241
24;3020;2001242
24;310;1974241
24;3110;2002241
24;3120;2002242
24;320;1974242
24;3210;2003241
24;3220;2003242
24;3310;2004241
24;3320;2004242
24;3410;2005241
24;3420;2005242
24;3510;2006241
24;3520;2006242
24;3610;2007241
24;3620;2007242
24;3710;2008241
24;3720;2008242
24;3810;2009241
24;3820;2009242
24;3910;2010241
24;3920;2010242
24;4010;2011241
24;4020;2011242
24;410;1975241
24;4110;2012241
24;4120;2012242
24;420;1975242
24;4210;2013241
24;4220;2013242
24;4310;2014241
24;4320;2014242
24;4420;2015242
24;510;1976241
24;520;1976242
24;610;1977241
24;620;1977242
24;710;1978241
24;720;1978242
24;810;1979241
24;820;1979242
24;910;1980241
24;920;1980242
25;1010;1981251
25;1020;1981252
25;110;1972251
25;1110;1982251
25;1120;1982252
25;120;1972252
25;1210;1983251
25;1220;1983252
25;1310;1984251
25;1320;1984252
25;1410;1985251
25;1420;1985252
25;1510;1986251
25;1520;1986252
25;1610;1987251
25;1620;1987252
25;1710;1988251
25;1720;1988252
25;1810;1989251
25;1820;1989252
25;1910;1990251
25;1920;1990252
25;2010;1991251
25;2020;1991252
25;210;1973251
25;2110;1992251
25;2120;1992252
25;220;1973252
25;2210;1993251
25;2220;1993252
25;2310;1994251
25;2320;1994252
25;2410;1995251
25;2420;1995252
25;2510;1996251
25;2520;1996252
25;2610;1997251
25;2620;1997252
25;2710;1998251
25;2720;1998252
25;2810;1999251
25;2820;1999252
25;2910;2000251
25;2920;2000252
25;3010;2001251
25;3020;2001252
25;310;1974251
25;3110;2002251
25;3120;2002252
25;320;1974252
25;3210;2003251
25;3220;2003252
25;3310;2004251
25;3320;2004252
25;3410;2005251
25;3420;2005252
25;3510;2006251
25;3520;2006252
25;3610;2007251
25;3620;2007252
25;3710;2008251
25;3720;2008252
25;3810;2009251
25;3820;2009252
25;3910;2010251
25;3920;2010252
25;4010;2011251
25;4020;2011252
25;410;1975251
25;4110;2012251
25;4120;2012252
25;420;1975252
25;4210;2013251
25;4220;2013252
25;4310;2014251
25;4320;2014252
25;510;1976251
25;520;1976252
25;610;1977251
25;620;1977252
25;710;1978251
25;720;1978252
25;810;1979251
25;820;1979252
25;910;1980251
25;920;1980252
26;1010;1981261
26;1020;1981262
26;110;1972261
26;1110;1982261
26;1120;1982262
26;120;1972262
26;1210;1983261
26;1220;1983262
26;1310;1984261
26;1320;1984262
26;1410;1985261
26;1420;1985262
26;1510;1986261
26;1520;1986262
26;1610;1987261
26;1620;1987262
26;1710;1988261
26;1720;1988262
26;1810;1989261
26;1820;1989262
26;1910;1990261
26;1920;1990262
26;2010;1991261
26;2020;1991262
26;210;1973261
26;2110;1992261
26;2120;1992262
26;220;1973262
26;2210;1993261
26;2220;1993262
26;2310;1994261
26;2320;1994262
26;2410;1995261
26;2420;1995262
26;2510;1996261
26;2520;1996262
26;2610;1997261
26;2620;1997262
26;2710;1998261
26;2720;1998262
26;2810;1999261
26;2820;1999262
26;2910;2000261
26;2920;2000262
26;3010;2001261
26;3020;2001262
26;310;1974261
26;3110;2002261
26;3120;2002262
26;320;1974262
26;3210;2003261
26;3220;2003262
26;3310;2004261
26;3320;2004262
26;3410;2005261
26;3420;2005262
26;3510;2006261
26;3520;2006262
26;3610;2007261
26;3620;2007262
26;3710;2008261
26;3720;2008262
26;3810;2009261
26;3820;2009262
26;3910;2010261
26;3920;2010262
26;4010;2011261
26;4020;2011262
26;410;1975261
26;4110;2012261
26;4120;2012262
26;420;1975262
26;4210;2013261
26;4220;2013262
26;4310;2014261
26;4320;2014262
26;510;1976261
26;520;1976262
26;610;1977261
26;620;1977262
26;710;1978261
26;720;1978262
26;810;1979261
26;820;1979262
26;910;1980261
26;920;1980262
27;1010;1981271
27;1020;1981272
27;110;1972271
27;1110;1982271
27;1120;1982272
27;120;1972272
27;1210;1983271
27;1220;1983272
27;1310;1984271
27;1320;1984272
27;1410;1985271
27;1420;1985272
27;1510;1986271
27;1520;1986272
27;1610;1987271
27;1620;1987272
27;1710;1988271
27;1720;1988272
27;1810;1989271
27;1820;1989272
27;1910;1990271
27;1920;1990272
27;2010;1991271
27;2020;1991272
27;210;1973271
27;2110;1992271
27;2120;1992272
27;220;1973272
27;2210;1993271
27;2220;1993272
27;2310;1994271
27;2320;1994272
27;2410;1995271
27;2420;1995272
27;2510;1996271
27;2520;1996272
27;2610;1997271
27;2620;1997272
27;2710;1998271
27;2720;1998272
27;2810;1999271
27;2820;1999272
27;2910;2000271
27;2920;2000272
27;3010;2001271
27;3020;2001272
27;310;1974271
27;3110;2002271
27;3120;2002272
27;320;1974272
27;3210;2003271
27;3220;2003272
27;3310;2004271
27;3320;2004272
27;3410;2005271
27;3420;2005272
27;3510;2006271
27;3520;2006272
27;3610;2007271
27;3620;2007272
27;3710;2008271
27;3720;2008272
27;3810;2009271
27;3820;2009272
27;3910;2010271
27;3920;2010272
27;4010;2011271
27;4020;2011272
27;410;1975271
27;4110;2012271
27;4120;2012272
27;420;1975272
27;4210;2013271
27;4220;2013272
27;4310;2014271
27;4320;2014272
27;510;1976271
27;520;1976272
27;610;1977271
27;620;1977272
27;710;1978271
27;720;1978272
27;810;1979271
27;820;1979272
27;910;1980271
27;920;1980272
28;1010;1981281
28;1020;1981282
28;110;1972281
28;1110;1982281
28;1120;1982282
28;120;1972282
28;1210;1983281
28;1220;1983282
28;1310;1984281
28;1320;1984282
28;1410;1985281
28;1420;1985282
28;1510;1986281
28;1520;1986282
28;1610;1987281
28;1620;1987282
28;1710;1988281
28;1720;1988282
28;1810;1989281
28;1820;1989282
28;1910;1990281
28;1920;1990282
28;2010;1991281
28;2020;1991282
28;210;1973281
28;2110;1992281
28;2120;1992282
28;220;1973282
28;2210;1993281
28;2220;1993282
28;2310;1994281
28;2320;1994282
28;2410;1995281
28;2420;1995282
28;2510;1996281
28;2520;1996282
28;2610;1997281
28;2620;1997282
28;2710;1998281
28;2720;1998282
28;2810;1999281
28;2820;1999282
28;2910;2000281
28;2920;2000282
28;3010;2001281
28;3020;2001282
28;310;1974281
28;3110;2002281
28;3120;2002282
28;320;1974282
28;3210;2003281
28;3220;2003282
28;3310;2004281
28;3320;2004282
28;3410;2005281
28;3420;2005282
28;3510;2006281
28;3520;2006282
28;3610;2007281
28;3620;2007282
28;3710;2008281
28;3720;2008282
28;3810;2009281
28;3820;2009282
28;3910;2010281
28;3920;2010282
28;4010;2011281
28;4020;2011282
28;410;1975281
28;4110;2012281
28;4120;2012282
28;420;1975282
28;4210;2013281
28;4220;2013282
28;4310;2014281
28;4320;2014282
28;510;1976281
28;520;1976282
28;610;1977281
28;620;1977282
28;710;1978281
28;720;1978282
28;810;1979281
28;820;1979282
28;910;1980281
28;920;1980282
29;1010;1981291
29;1020;1981292
29;110;1972291
29;1110;1982291
29;1120;1982292
29;120;1972292
29;1210;1983291
29;1220;1983292
29;1310;1984291
29;1320;1984292
29;1410;1985291
29;1420;1985292
29;1510;1986291
29;1520;1986292
29;1610;1987291
29;1620;1987292
29;1710;1988291
29;1720;1988292
29;1810;1989291
29;1820;1989292
29;1910;1990291
29;1920;1990292
29;2010;1991291
29;2020;1991292
29;210;1973291
29;2110;1992291
29;2120;1992292
29;220;1973292
29;2210;1993291
29;2220;1993292
29;2310;1994291
29;2320;1994292
29;2410;1995291
29;2420;1995292
29;2510;1996291
29;2520;1996292
29;2610;1997291
29;2620;1997292
29;2710;1998291
29;2720;1998292
29;2810;1999291
29;2820;1999292
29;2910;2000291
29;2920;2000292
29;3010;2001291
29;3020;2001292
29;310;1974291
29;3110;2002291
29;3120;2002292
29;320;1974292
29;3210;2003291
29;3220;2003292
29;3310;2004291
29;3320;2004292
29;3410;2005291
29;3420;2005292
29;3510;2006291
29;3520;2006292
29;3610;2007291
29;3620;2007292
29;3710;2008291
29;3720;2008292
29;3810;2009291
29;3820;2009292
29;3910;2010291
29;3920;2010292
29;4010;2011291
29;4020;2011292
29;410;1975291
29;4110;2012291
29;4120;2012292
29;420;1975292
29;4210;2013291
29;4220;2013292
29;4310;2014291
29;4320;2014292
29;510;1976291
29;520;1976292
29;610;1977291
29;620;1977292
29;710;1978291
29;720;1978292
29;810;1979291
29;820;1979292
29;910;1980291
29;920;1980292
2;1010;1981021
2;1020;1981022
2;110;1972021
2;1110;1982021
2;1120;1982022
2;120;1972022
2;1210;1983021
2;1220;1983022
2;1310;1984021
2;1320;1984022
2;1410;1985021
2;1420;1985022
2;1510;1986021
2;1520;1986022
2;1540;1986024
2;1610;1987021
2;1620;1987022
2;1630;1987023
2;1710;1988021
2;1720;1988022
2;1730;1988023
2;1810;1989021
2;1820;1989022
2;1830;1989023
2;1910;1990021
2;1920;1990022
2;1930;1990023
2;2010;1991021
2;2020;1991022
2;2030;1991023
2;210;1973021
2;2110;1992021
2;2120;1992022
2;2130;1992023
2;220;1973022
2;2210;1993021
2;2220;1993022
2;2230;1993023
2;2310;1994021
2;2320;1994022
2;2330;1994023
2;2410;1995021
2;2420;1995022
2;2430;1995023
2;2510;1996021
2;2520;1996022
2;2530;1996023
2;2610;1997021
2;2620;1997022
2;2630;1997023
2;2710;1998021
2;2720;1998022
2;2730;1998023
2;2810;1999021
2;2820;1999022
2;2910;2000021
2;2920;2000022
2;3010;2001021
2;3020;2001022
2;310;1974021
2;3110;2002021
2;3120;2002022
2;320;1974022
2;3210;2003021
2;3220;2003022
2;3310;2004021
2;3320;2004022
2;3410;2005021
2;3420;2005022
2;3510;2006021
2;3520;2006022
2;3610;2007021
2;3620;2007022
2;3710;2008021
2;3720;2008022
2;3810;2009021
2;3820;2009022
2;3910;2010021
2;3920;2010022
2;3930;2010023
2;4010;2011021
2;4020;2011022
2;4030;2011023
2;410;1975021
2;4110;2012021
2;4120;2012022
2;4130;2012023
2;420;1975022
2;4210;2013021
2;4220;2013022
2;4230;2013023
2;4310;2014021
2;4320;2014022
2;4330;2014023
2;4410;2015021
2;4420;2015022
2;510;1976021
2;520;1976022
2;610;1977021
2;620;1977022
2;710;1978021
2;720;1978022
2;810;1979021
2;820;1979022
2;910;1980021
2;920;1980022
30;1010;1981301
30;1020;1981302
30;110;1972301
30;1110;1982301
30;1120;1982302
30;120;1972302
30;1210;1983301
30;1220;1983302
30;1310;1984301
30;1320;1984302
30;1410;1985301
30;1420;1985302
30;1510;1986301
30;1520;1986302
30;1610;1987301
30;1620;1987302
30;1710;1988301
30;1720;1988302
30;1810;1989301
30;1820;1989302
30;1910;1990301
30;1920;1990302
30;2010;1991301
30;2020;1991302
30;210;1973301
30;2110;1992301
30;2120;1992302
30;220;1973302
30;2210;1993301
30;2220;1993302
30;2310;1994301
30;2320;1994302
30;2410;1995301
30;2420;1995302
30;2510;1996301
30;2520;1996302
30;2610;1997301
30;2620;1997302
30;2710;1998301
30;2720;1998302
30;2810;1999301
30;2820;1999302
30;2910;2000301
30;2920;2000302
30;3010;2001301
30;3020;2001302
30;310;1974301
30;3110;2002301
30;3120;2002302
30;320;1974302
30;3210;2003301
30;3220;2003302
30;3310;2004301
30;3320;2004302
30;3410;2005301
30;3420;2005302
30;3510;2006301
30;3520;2006302
30;3610;2007301
30;3620;2007302
30;3710;2008301
30;3720;2008302
30;3810;2009301
30;3820;2009302
30;3910;2010301
30;3920;2010302
30;4010;2011301
30;4020;2011302
30;410;1975301
30;4110;2012301
30;4120;2012302
30;420;1975302
30;4210;2013301
30;4220;2013302
30;4310;2014301
30;4320;2014302
30;510;1976301
30;520;1976302
30;610;1977301
30;620;1977302
30;710;1978301
30;720;1978302
30;810;1979301
30;820;1979302
30;910;1980301
30;920;1980302
31;1010;1981311
31;1020;1981312
31;110;1972311
31;1110;1982311
31;1120;1982312
31;120;1972312
31;1210;1983311
31;1220;1983312
31;1310;1984311
31;1320;1984312
31;1410;1985311
31;1420;1985312
31;1510;1986311
31;1520;1986312
31;1610;1987311
31;1620;1987312
31;1710;1988311
31;1720;1988312
31;1810;1989311
31;1820;1989312
31;1910;1990311
31;1920;1990312
31;2010;1991311
31;2020;1991312
31;210;1973311
31;2110;1992311
31;2120;1992312
31;220;1973312
31;2210;1993311
31;2220;1993312
31;2310;1994311
31;2320;1994312
31;2410;1995311
31;2420;1995312
31;2510;1996311
31;2520;1996312
31;2610;1997311
31;2620;1997312
31;2710;1998311
31;2720;1998312
31;2810;1999311
31;2820;1999312
31;2910;2000311
31;2920;2000312
31;3010;2001311
31;3020;2001312
31;310;1974311
31;3110;2002311
31;3120;2002312
31;320;1974312
31;3210;2003311
31;3220;2003312
31;3310;2004311
31;3320;2004312
31;3410;2005311
31;3420;2005312
31;3510;2006311
31;3520;2006312
31;3610;2007311
31;3620;2007312
31;3710;2008311
31;3720;2008312
31;3810;2009311
31;3820;2009312
31;3910;2010311
31;3920;2010312
31;4010;2011311
31;4020;2011312
31;410;1975311
31;4110;2012311
31;4120;2012312
31;420;1975312
31;4210;2013311
31;4220;2013312
31;4310;2014311
31;4320;2014312
31;510;1976311
31;520;1976312
31;610;1977311
31;620;1977312
31;710;1978311
31;720;1978312
31;810;1979311
31;820;1979312
31;910;1980311
31;920;1980312
32;1010;1981321
32;1020;1981322
32;110;1972321
32;1110;1982321
32;1120;1982322
32;120;1972322
32;1210;1983321
32;1220;1983322
32;1310;1984321
32;1320;1984322
32;1410;1985321
32;1420;1985322
32;1510;1986321
32;1520;1986322
32;1610;1987321
32;1620;1987322
32;1710;1988321
32;1720;1988322
32;1810;1989321
32;1820;1989322
32;1910;1990321
32;1920;1990322
32;2010;1991321
32;2020;1991322
32;210;1973321
32;2110;1992321
32;2120;1992322
32;220;1973322
32;2210;1993321
32;2220;1993322
32;2310;1994321
32;2320;1994322
32;2410;1995321
32;2420;1995322
32;2510;1996321
32;2520;1996322
32;2610;1997321
32;2620;1997322
32;2710;1998321
32;2720;1998322
32;2810;1999321
32;2820;1999322
32;2910;2000321
32;2920;2000322
32;3010;2001321
32;3020;2001322
32;310;1974321
32;3110;2002321
32;3120;2002322
32;320;1974322
32;3210;2003321
32;3220;2003322
32;3310;2004321
32;3320;2004322
32;3410;2005321
32;3420;2005322
32;3510;2006321
32;3520;2006322
32;3610;2007321
32;3620;2007322
32;3710;2008321
32;3720;2008322
32;3810;2009321
32;3820;2009322
32;3910;2010321
32;3920;2010322
32;4010;2011321
32;4020;2011322
32;410;1975321
32;4110;2012321
32;4120;2012322
32;420;1975322
32;4210;2013321
32;4220;2013322
32;4310;2014321
32;4320;2014322
32;510;1976321
32;520;1976322
32;610;1977321
32;620;1977322
32;710;1978321
32;720;1978322
32;810;1979321
32;820;1979322
32;910;1980321
32;920;1980322
33;1010;1981331
33;1020;1981332
33;110;1972331
33;1110;1982331
33;1120;1982332
33;120;1972332
33;1210;1983331
33;1220;1983332
33;1310;1984331
33;1320;1984332
33;1410;1985331
33;1420;1985332
33;1510;1986331
33;1520;1986332
33;1610;1987331
33;1620;1987332
33;1710;1988331
33;1720;1988332
33;1810;1989331
33;1820;1989332
33;1910;1990331
33;1920;1990332
33;2010;1991331
33;2020;1991332
33;210;1973331
33;2110;1992331
33;2120;1992332
33;220;1973332
33;2210;1993331
33;2220;1993332
33;2310;1994331
33;2320;1994332
33;2410;1995331
33;2420;1995332
33;2510;1996331
33;2520;1996332
33;2610;1997331
33;2620;1997332
33;2710;1998331
33;2720;1998332
33;2810;1999331
33;2820;1999332
33;2910;2000331
33;2920;2000332
33;3010;2001331
33;3020;2001332
33;310;1974331
33;3110;2002331
33;3120;2002332
33;320;1974332
33;3210;2003331
33;3220;2003332
33;3310;2004331
33;3320;2004332
33;3410;2005331
33;3420;2005332
33;3510;2006331
33;3520;2006332
33;3610;2007331
33;3620;2007332
33;3710;2008331
33;3720;2008332
33;3810;2009331
33;3820;2009332
33;3910;2010331
33;3920;2010332
33;4010;2011331
33;4020;2011332
33;410;1975331
33;4110;2012331
33;4120;2012332
33;420;1975332
33;4210;2013331
33;4220;2013332
33;4310;2014331
33;4320;2014332
33;510;1976331
33;520;1976332
33;610;1977331
33;620;1977332
33;710;1978331
33;720;1978332
33;810;1979331
33;820;1979332
33;910;1980331
33;920;1980332
34;1010;1981341
34;1020;1981342
34;110;1972341
34;1110;1982341
34;1120;1982342
34;120;1972342
34;1210;1983341
34;1220;1983342
34;1310;1984341
34;1320;1984342
34;1410;1985341
34;1420;1985342
34;1510;1986341
34;1520;1986342
34;1610;1987341
34;1620;1987342
34;1710;1988341
34;1720;1988342
34;1810;1989341
34;1820;1989342
34;1910;1990341
34;1920;1990342
34;2010;1991341
34;2020;1991342
34;210;1973341
34;2110;1992341
34;2120;1992342
34;220;1973342
34;2210;1993341
34;2220;1993342
34;2310;1994341
34;2320;1994342
34;2410;1995341
34;2420;1995342
34;2510;1996341
34;2520;1996342
34;2610;1997341
34;2620;1997342
34;2710;1998341
34;2720;1998342
34;2810;1999341
34;2820;1999342
34;2910;2000341
34;2920;2000342
34;3010;2001341
34;3020;2001342
34;310;1974341
34;3110;2002341
34;3120;2002342
34;320;1974342
34;3210;2003341
34;3220;2003342
34;3310;2004341
34;3320;2004342
34;3410;2005341
34;3420;2005342
34;3510;2006341
34;3520;2006342
34;3610;2007341
34;3620;2007342
34;3710;2008341
34;3720;2008342
34;3810;2009341
34;3820;2009342
34;3910;2010341
34;3920;2010342
34;4010;2011341
34;4020;2011342
34;410;1975341
34;4110;2012341
34;4120;2012342
34;420;1975342
34;4210;2013341
34;4220;2013342
34;4310;2014341
34;4320;2014342
34;510;1976341
34;520;1976342
34;610;1977341
34;620;1977342
34;710;1978341
34;720;1978342
34;810;1979341
34;820;1979342
34;910;1980341
34;920;1980342
35;1020;1981352
35;1120;1982352
35;120;1972352
35;1220;1983352
35;1320;1984352
35;1420;1985352
35;1510;1986351
35;1520;1986352
35;1610;1987351
35;1620;1987352
35;1710;1988351
35;1720;1988352
35;1810;1989351
35;1820;1989352
35;1910;1990351
35;1920;1990352
35;2010;1991351
35;2020;1991352
35;2110;1992351
35;2120;1992352
35;220;1973352
35;2210;1993351
35;2220;1993352
35;2310;1994351
35;2320;1994352
35;2410;1995351
35;2420;1995352
35;2510;1996351
35;2520;1996352
35;2610;1997351
35;2620;1997352
35;2710;1998351
35;2720;1998352
35;2810;1999351
35;2820;1999352
35;2910;2000351
35;2920;2000352
35;3010;2001351
35;3020;2001352
35;3110;2002351
35;3120;2002352
35;320;1974352
35;3210;2003351
35;3220;2003352
35;3310;2004351
35;3320;2004352
35;3410;2005351
35;3420;2005352
35;3510;2006351
35;3520;2006352
35;3610;2007351
35;3620;2007352
35;3710;2008351
35;3720;2008352
35;3810;2009351
35;3820;2009352
35;3910;2010351
35;3920;2010352
35;4010;2011351
35;4020;2011352
35;4110;2012351
35;4120;2012352
35;420;1975352
35;4210;2013351
35;4220;2013352
35;4310;2014351
35;4320;2014352
35;520;1976352
35;620;1977352
35;720;1978352
35;820;1979352
35;920;1980352
36;1020;1981362
36;1120;1982362
36;120;1972362
36;1220;1983362
36;1320;1984362
36;1420;1985362
36;1510;1986361
36;1520;1986362
36;1610;1987361
36;1620;1987362
36;1710;1988361
36;1720;1988362
36;1810;1989361
36;1820;1989362
36;1910;1990361
36;1920;1990362
36;2010;1991361
36;2020;1991362
36;2110;1992361
36;2120;1992362
36;220;1973362
36;2210;1993361
36;2220;1993362
36;2310;1994361
36;2320;1994362
36;2410;1995361
36;2420;1995362
36;2510;1996361
36;2520;1996362
36;2610;1997361
36;2620;1997362
36;2710;1998361
36;2720;1998362
36;2810;1999361
36;2820;1999362
36;2910;2000361
36;2920;2000362
36;3010;2001361
36;3020;2001362
36;3110;2002361
36;3120;2002362
36;320;1974362
36;3210;2003361
36;3220;2003362
36;3310;2004361
36;3320;2004362
36;3410;2005361
36;3420;2005362
36;3510;2006361
36;3520;2006362
36;3610;2007361
36;3620;2007362
36;3710;2008361
36;3720;2008362
36;3810;2009361
36;3820;2009362
36;3910;2010361
36;3920;2010362
36;4010;2011361
36;4020;2011362
36;4110;2012361
36;4120;2012362
36;420;1975362
36;4210;2013361
36;4220;2013362
36;4310;2014361
36;4320;2014362
36;520;1976362
36;620;1977362
36;720;1978362
36;820;1979362
36;920;1980362
37;1020;1981372
37;1120;1982372
37;120;1972372
37;1220;1983372
37;1320;1984372
37;1420;1985372
37;1510;1986371
37;1520;1986372
37;1610;1987371
37;1620;1987372
37;1710;1988371
37;1720;1988372
37;1810;1989371
37;1820;1989372
37;1910;1990371
37;1920;1990372
37;2010;1991371
37;2020;1991372
37;2110;1992371
37;2120;1992372
37;220;1973372
37;2210;1993371
37;2220;1993372
37;2310;1994371
37;2320;1994372
37;2410;1995371
37;2420;1995372
37;2510;1996371
37;2520;1996372
37;2610;1997371
37;2620;1997372
37;2710;1998371
37;2720;1998372
37;2810;1999371
37;2820;1999372
37;2910;2000371
37;2920;2000372
37;3010;2001371
37;3020;2001372
37;3110;2002371
37;3120;2002372
37;320;1974372
37;3210;2003371
37;3220;2003372
37;3310;2004371
37;3320;2004372
37;3410;2005371
37;3420;2005372
37;3510;2006371
37;3520;2006372
37;3610;2007371
37;3620;2007372
37;3710;2008371
37;3720;2008372
37;3810;2009371
37;3820;2009372
37;3910;2010371
37;3920;2010372
37;4010;2011371
37;4020;2011372
37;4110;2012371
37;4120;2012372
37;420;1975372
37;4210;2013371
37;4220;2013372
37;4310;2014371
37;4320;2014372
37;520;1976372
37;620;1977372
37;720;1978372
37;820;1979372
37;920;1980372
38;1020;1981382
38;1120;1982382
38;120;1972382
38;1220;1983382
38;1320;1984382
38;1420;1985382
38;1510;1986381
38;1520;1986382
38;1610;1987381
38;1620;1987382
38;1710;1988381
38;1720;1988382
38;1810;1989381
38;1820;1989382
38;1910;1990381
38;1920;1990382
38;2010;1991381
38;2020;1991382
38;2110;1992381
38;2120;1992382
38;220;1973382
38;2210;1993381
38;2220;1993382
38;2310;1994381
38;2320;1994382
38;2410;1995381
38;2420;1995382
38;2510;1996381
38;2520;1996382
38;2610;1997381
38;2620;1997382
38;2710;1998381
38;2720;1998382
38;2810;1999381
38;2820;1999382
38;2910;2000381
38;2920;2000382
38;3010;2001381
38;3020;2001382
38;3110;2002381
38;3120;2002382
38;320;1974382
38;3210;2003381
38;3220;2003382
38;3310;2004381
38;3320;2004382
38;3410;2005381
38;3420;2005382
38;3510;2006381
38;3520;2006382
38;3610;2007381
38;3620;2007382
38;3710;2008381
38;3720;2008382
38;3810;2009381
38;3820;2009382
38;3910;2010381
38;3920;2010382
38;4010;2011381
38;4020;2011382
38;4110;2012381
38;4120;2012382
38;420;1975382
38;4210;2013381
38;4220;2013382
38;4310;2014381
38;4320;2014382
38;520;1976382
38;620;1977382
38;720;1978382
38;820;1979382
38;920;1980382
39;1510;1986391
39;1520;1986392
39;2410;1995391
39;2510;1996391
39;2620;1997392
39;2720;1998392
39;2820;1999392
39;2920;2000392
39;3020;2001392
39;3120;2002392
39;3220;2003392
39;3320;2004392
39;3420;2005392
39;3520;2006392
39;3620;2007392
39;3720;2008392
39;3820;2009392
39;3920;2010392
39;4020;2011392
39;4120;2012392
39;4220;2013392
39;4320;2014392
3;1010;1981031
3;1020;1981032
3;110;1972031
3;1110;1982031
3;1120;1982032
3;120;1972032
3;1210;1983031
3;1220;1983032
3;1310;1984031
3;1320;1984032
3;1410;1985031
3;1420;1985032
3;1510;1986031
3;1520;1986032
3;1540;1986034
3;1610;1987031
3;1620;1987032
3;1710;1988031
3;1720;1988032
3;1810;1989031
3;1820;1989032
3;1910;1990031
3;1920;1990032
3;2010;1991031
3;2020;1991032
3;210;1973031
3;2110;1992031
3;2120;1992032
3;220;1973032
3;2210;1993031
3;2220;1993032
3;2310;1994031
3;2320;1994032
3;2410;1995031
3;2420;1995032
3;2510;1996031
3;2520;1996032
3;2610;1997031
3;2620;1997032
3;2710;1998031
3;2720;1998032
3;2810;1999031
3;2820;1999032
3;2910;2000031
3;2920;2000032
3;3010;2001031
3;3020;2001032
3;310;1974031
3;3110;2002031
3;3120;2002032
3;320;1974032
3;3210;2003031
3;3220;2003032
3;3310;2004031
3;3320;2004032
3;3410;2005031
3;3420;2005032
3;3510;2006031
3;3520;2006032
3;3610;2007031
3;3620;2007032
3;3710;2008031
3;3720;2008032
3;3810;2009031
3;3820;2009032
3;3910;2010031
3;3920;2010032
3;3930;2010033
3;4010;2011031
3;4020;2011032
3;4030;2011033
3;410;1975031
3;4110;2012031
3;4120;2012032
3;4130;2012033
3;420;1975032
3;4210;2013031
3;4220;2013032
3;4230;2013033
3;4310;2014031
3;4320;2014032
3;4330;2014033
3;4410;2015031
3;4420;2015032
3;510;1976031
3;520;1976032
3;610;1977031
3;620;1977032
3;710;1978031
3;720;1978032
3;810;1979031
3;820;1979032
3;910;1980031
3;920;1980032
40;1510;1986401
40;1520;1986402
40;2410;1995401
40;2510;1996401
40;2620;1997402
40;2720;1998402
40;2820;1999402
40;2920;2000402
40;3020;2001402
40;3120;2002402
40;3220;2003402
40;3320;2004402
40;3420;2005402
40;3520;2006402
40;3620;2007402
40;3720;2008402
40;3820;2009402
40;3920;2010402
40;4020;2011402
40;4120;2012402
40;4220;2013402
40;4320;2014402
41;1510;1986411
41;1520;1986412
41;2410;1995411
41;2510;1996411
41;2620;1997412
41;2720;1998412
41;2820;1999412
41;2920;2000412
41;3020;2001412
41;3120;2002412
41;3220;2003412
41;3320;2004412
41;3420;2005412
41;3520;2006412
41;3620;2007412
41;3720;2008412
41;3820;2009412
41;3920;2010412
41;4020;2011412
41;4120;2012412
41;4220;2013412
41;4320;2014412
42;1510;1986421
42;1520;1986422
42;2410;1995421
42;2510;1996421
42;2620;1997422
42;2720;1998422
42;2820;1999422
42;2920;2000422
42;3020;2001422
42;3120;2002422
42;3220;2003422
42;3320;2004422
42;3420;2005422
42;3520;2006422
42;3620;2007422
42;3720;2008422
42;3820;2009422
42;3920;2010422
42;4020;2011422
42;4120;2012422
42;4220;2013422
42;4320;2014422
43;1510;1986431
43;1520;1986432
44;1510;1986441
44;1520;1986442
4;1010;1981041
4;1020;1981042
4;110;1972041
4;1110;1982041
4;1120;1982042
4;120;1972042
4;1210;1983041
4;1220;1983042
4;1310;1984041
4;1320;1984042
4;1410;1985041
4;1420;1985042
4;1510;1986041
4;1520;1986042
4;1610;1987041
4;1620;1987042
4;1710;1988041
4;1720;1988042
4;1810;1989041
4;1820;1989042
4;1910;1990041
4;1920;1990042
4;2010;1991041
4;2020;1991042
4;210;1973041
4;2110;1992041
4;2120;1992042
4;220;1973042
4;2210;1993041
4;2220;1993042
4;2310;1994041
4;2320;1994042
4;2410;1995041
4;2420;1995042
4;2510;1996041
4;2520;1996042
4;2610;1997041
4;2620;1997042
4;2710;1998041
4;2720;1998042
4;2810;1999041
4;2820;1999042
4;2910;2000041
4;2920;2000042
4;3010;2001041
4;3020;2001042
4;310;1974041
4;3110;2002041
4;3120;2002042
4;320;1974042
4;3210;2003041
4;3220;2003042
4;3310;2004041
4;3320;2004042
4;3410;2005041
4;3420;2005042
4;3510;2006041
4;3520;2006042
4;3610;2007041
4;3620;2007042
4;3710;2008041
4;3720;2008042
4;3810;2009041
4;3820;2009042
4;3910;2010041
4;3920;2010042
4;3930;2010043
4;4010;2011041
4;4020;2011042
4;4030;2011043
4;410;1975041
4;4110;2012041
4;4120;2012042
4;4130;2012043
4;420;1975042
4;4210;2013041
4;4220;2013042
4;4230;2013043
4;4310;2014041
4;4320;2014042
4;4330;2014043
4;4410;2015041
4;4420;2015042
4;510;1976041
4;520;1976042
4;610;1977041
4;620;1977042
4;710;1978041
4;720;1978042
4;810;1979041
4;820;1979042
4;910;1980041
4;920;1980042
5;1010;1981051
5;1020;1981052
5;110;1972051
5;1110;1982051
5;1120;1982052
5;120;1972052
5;1210;1983051
5;1220;1983052
5;1310;1984051
5;1320;1984052
5;1410;1985051
5;1420;1985052
5;1510;1986051
5;1520;1986052
5;1610;1987051
5;1620;1987052
5;1710;1988051
5;1720;1988052
5;1810;1989051
5;1820;1989052
5;1910;1990051
5;1920;1990052
5;2010;1991051
5;2020;1991052
5;210;1973051
5;2110;1992051
5;2120;1992052
5;220;1973052
5;2210;1993051
5;2220;1993052
5;2310;1994051
5;2320;1994052
5;2410;1995051
5;2420;1995052
5;2510;1996051
5;2520;1996052
5;2610;1997051
5;2620;1997052
5;2710;1998051
5;2720;1998052
5;2810;1999051
5;2820;1999052
5;2910;2000051
5;2920;2000052
5;3010;2001051
5;3020;2001052
5;310;1974051
5;3110;2002051
5;3120;2002052
5;320;1974052
5;3210;2003051
5;3220;2003052
5;3310;2004051
5;3320;2004052
5;3410;2005051
5;3420;2005052
5;3510;2006051
5;3520;2006052
5;3610;2007051
5;3620;2007052
5;3710;2008051
5;3720;2008052
5;3810;2009051
5;3820;2009052
5;3910;2010051
5;3920;2010052
5;4010;2011051
5;4020;2011052
5;410;1975051
5;4110;2012051
5;4120;2012052
5;420;1975052
5;4210;2013051
5;4220;2013052
5;4310;2014051
5;4320;2014052
5;4410;2015051
5;4420;2015052
5;510;1976051
5;520;1976052
5;610;1977051
5;620;1977052
5;710;1978051
5;720;1978052
5;810;1979051
5;820;1979052
5;910;1980051
5;920;1980052
6;1010;1981061
6;1020;1981062
6;110;1972061
6;1110;1982061
6;1120;1982062
6;120;1972062
6;1210;1983061
6;1220;1983062
6;1310;1984061
6;1320;1984062
6;1410;1985061
6;1420;1985062
6;1510;1986061
6;1520;1986062
6;1610;1987061
6;1620;1987062
6;1710;1988061
6;1720;1988062
6;1810;1989061
6;1820;1989062
6;1910;1990061
6;1920;1990062
6;2010;1991061
6;2020;1991062
6;210;1973061
6;2110;1992061
6;2120;1992062
6;220;1973062
6;2210;1993061
6;2220;1993062
6;2310;1994061
6;2320;1994062
6;2410;1995061
6;2420;1995062
6;2510;1996061
6;2520;1996062
6;2610;1997061
6;2620;1997062
6;2710;1998061
6;2720;1998062
6;2810;1999061
6;2820;1999062
6;2910;2000061
6;2920;2000062
6;3010;2001061
6;3020;2001062
6;310;1974061
6;3110;2002061
6;3120;2002062
6;320;1974062
6;3210;2003061
6;3220;2003062
6;3310;2004061
6;3320;2004062
6;3410;2005061
6;3420;2005062
6;3510;2006061
6;3520;2006062
6;3610;2007061
6;3620;2007062
6;3710;2008061
6;3720;2008062
6;3810;2009061
6;3820;2009062
6;3910;2010061
6;3920;2010062
6;4010;2011061
6;4020;2011062
6;410;1975061
6;4110;2012061
6;4120;2012062
6;420;1975062
6;4210;2013061
6;4220;2013062
6;4310;2014061
6;4320;2014062
6;4410;2015061
6;4420;2015062
6;510;1976061
6;520;1976062
6;610;1977061
6;620;1977062
6;710;1978061
6;720;1978062
6;810;1979061
6;820;1979062
6;910;1980061
6;920;1980062
7;1010;1981071
7;1020;1981072
7;110;1972071
7;1110;1982071
7;1120;1982072
7;120;1972072
7;1210;1983071
7;1220;1983072
7;1310;1984071
7;1320;1984072
7;1410;1985071
7;1420;1985072
7;1510;1986071
7;1520;1986072
7;1610;1987071
7;1620;1987072
7;1710;1988071
7;1720;1988072
7;1810;1989071
7;1820;1989072
7;1910;1990071
7;1920;1990072
7;2010;1991071
7;2020;1991072
7;210;1973071
7;2110;1992071
7;2120;1992072
7;220;1973072
7;2210;1993071
7;2220;1993072
7;2310;1994071
7;2320;1994072
7;2410;1995071
7;2420;1995072
7;2510;1996071
7;2520;1996072
7;2610;1997071
7;2620;1997072
7;2710;1998071
7;2720;1998072
7;2810;1999071
7;2820;1999072
7;2910;2000071
7;2920;2000072
7;3010;2001071
7;3020;2001072
7;310;1974071
7;3110;2002071
7;3120;2002072
7;320;1974072
7;3210;2003071
7;3220;2003072
7;3310;2004071
7;3320;2004072
7;3410;2005071
7;3420;2005072
7;3510;2006071
7;3520;2006072
7;3610;2007071
7;3620;2007072
7;3710;2008071
7;3720;2008072
7;3810;2009071
7;3820;2009072
7;3910;2010071
7;3920;2010072
7;4010;2011071
7;4020;2011072
7;410;1975071
7;4110;2012071
7;4120;2012072
7;420;1975072
7;4210;2013071
7;4220;2013072
7;4310;2014071
7;4320;2014072
7;4410;2015071
7;4420;2015072
7;510;1976071
7;520;1976072
7;610;1977071
7;620;1977072
7;710;1978071
7;720;1978072
7;810;1979071
7;820;1979072
7;910;1980071
7;920;1980072
8;1010;1981081
8;1020;1981082
8;110;1972081
8;1110;1982081
8;1120;1982082
8;120;1972082
8;1210;1983081
8;1220;1983082
8;1310;1984081
8;1320;1984082
8;1410;1985081
8;1420;1985082
8;1510;1986081
8;1520;1986082
8;1610;1987081
8;1620;1987082
8;1710;1988081
8;1720;1988082
8;1810;1989081
8;1820;1989082
8;1910;1990081
8;1920;1990082
8;2010;1991081
8;2020;1991082
8;210;1973081
8;2110;1992081
8;2120;1992082
8;220;1973082
8;2210;1993081
8;2220;1993082
8;2310;1994081
8;2320;1994082
8;2410;1995081
8;2420;1995082
8;2510;1996081
8;2520;1996082
8;2610;1997081
8;2620;1997082
8;2710;1998081
8;2720;1998082
8;2810;1999081
8;2820;1999082
8;2910;2000081
8;2920;2000082
8;3010;2001081
8;3020;2001082
8;310;1974081
8;3110;2002081
8;3120;2002082
8;320;1974082
8;3210;2003081
8;3220;2003082
8;3310;2004081
8;3320;2004082
8;3410;2005081
8;3420;2005082
8;3510;2006081
8;3520;2006082
8;3610;2007081
8;3620;2007082
8;3710;2008081
8;3720;2008082
8;3810;2009081
8;3820;2009082
8;3910;2010081
8;3920;2010082
8;4010;2011081
8;4020;2011082
8;410;1975081
8;4110;2012081
8;4120;2012082
8;420;1975082
8;4210;2013081
8;4220;2013082
8;4310;2014081
8;4320;2014082
8;4410;2015081
8;4420;2015082
8;510;1976081
8;520;1976082
8;610;1977081
8;620;1977082
8;710;1978081
8;720;1978082
8;810;1979081
8;820;1979082
8;910;1980081
8;920;1980082
9;1010;1981091
9;1020;1981092
9;110;1972091
9;1110;1982091
9;1120;1982092
9;120;1972092
9;1210;1983091
9;1220;1983092
9;1310;1984091
9;1320;1984092
9;1410;1985091
9;1420;1985092
9;1510;1986091
9;1520;1986092
9;1610;1987091
9;1620;1987092
9;1710;1988091
9;1720;1988092
9;1810;1989091
9;1820;1989092
9;1910;1990091
9;1920;1990092
9;2010;1991091
9;2020;1991092
9;210;1973091
9;2110;1992091
9;2120;1992092
9;220;1973092
9;2210;1993091
9;2220;1993092
9;2310;1994091
9;2320;1994092
9;2410;1995091
9;2420;1995092
9;2510;1996091
9;2520;1996092
9;2610;1997091
9;2620;1997092
9;2710;1998091
9;2720;1998092
9;2810;1999091
9;2820;1999092
9;2910;2000091
9;2920;2000092
9;3010;2001091
9;3020;2001092
9;310;1974091
9;3110;2002091
9;3120;2002092
9;320;1974092
9;3210;2003091
9;3220;2003092
9;3310;2004091
9;3320;2004092
9;3410;2005091
9;3420;2005092
9;3510;2006091
9;3520;2006092
9;3610;2007091
9;3620;2007092
9;3710;2008091
9;3720;2008092
9;3810;2009091
9;3820;2009092
9;3910;2010091
9;3920;2010092
9;4010;2011091
9;4020;2011092
9;410;1975091
9;4110;2012091
9;4120;2012092
9;420;1975092
9;4210;2013091
9;4220;2013092
9;4310;2014091
9;4320;2014092
9;4410;2015091
9;4420;2015092
9;510;1976091
9;520;1976092
9;610;1977091
9;620;1977092
9;710;1978091
9;720;1978092
9;810;1979091
9;820;1979092
9;910;1980091
9;920;1980092
;;
;;
JORNADA;idTemp;idJor
